UserName,Gender,Phone,Email,CreditCard
Jason.Green,Male,1-364-410-6690 x08562,Jason.Green@adventureworks.com,9777-4287-8862-7386
Ben_Dickens,Male,551-530-7354 x0506,Ben_Dickens@adventureworks.com,2992-5468-4860-3593
Alton_Vandervort,Male,811-714-3148,Alton_Vandervort@adventureworks.com,2235-1309-9262-3979
Theresa16,Female,826-960-1591 x58508,Theresa16@adventureworks.com,4128-2405-5087-4621
Robert_Jerde95,Male,(888) 258-7303 x20068,Robert_Jerde95@adventureworks.com,4347-5516-7396-9369
Jana.Schmeler,Female,386-275-8812 x4018,Jana.Schmeler@adventureworks.com,2146-3328-9686-9169
Nathaniel_Botsford51,Male,(502) 878-3300,Nathaniel_Botsford51@adventureworks.com,3779-7612-8624-1689
Alison.Towne24,Female,558-321-4825,Alison.Towne24@adventureworks.com,2843-2778-7439-4285
Miriam15,Female,1-275-627-5013,Miriam15@adventureworks.com,5569-4082-4834-9146
George26,Male,934-857-5803 x6808,George26@adventureworks.com,3675-6910-2334-5648
Bernadette84,Female,473.543.5453 x42664,Bernadette84@adventureworks.com,4580-9446-8249-6503
Myra.Emmerich,Female,711-901-8209,Myra.Emmerich@adventureworks.com,1507-9847-4500-2466
Damon.Price,Male,228.775.8701,Damon.Price@adventureworks.com,5100-1565-5260-2748
Sadie.Powlowski,Female,922-371-7885,Sadie.Powlowski@adventureworks.com,6798-9809-3950-1501
Wade_Auer28,Male,395-829-3125 x4695,Wade_Auer28@adventureworks.com,7973-3123-1392-1288
Mabel27,Female,1-632-636-3312 x903,Mabel27@adventureworks.com,9392-8750-8414-5046
Olive8,Female,716.405.0871,Olive8@adventureworks.com,3822-7030-6150-3303
Angie25,Female,1-945-677-4780 x3387,Angie25@adventureworks.com,6201-2031-8980-9582
Seth_Volkman,Male,619-437-6537 x2996,Seth_Volkman@adventureworks.com,4592-4257-2981-3910
Yvonne_Kuhn,Female,1-888-610-0636 x3087,Yvonne_Kuhn@adventureworks.com,9406-6651-7543-9079
Ernest.Wilderman43,Male,607.327.3194,Ernest.Wilderman43@adventureworks.com,8761-1553-2490-9089
Ray3,Male,1-762-335-0864 x142,Ray3@adventureworks.com,8102-7872-5986-7458
Miguel47,Male,1-505-884-1592,Miguel47@adventureworks.com,5450-7309-1209-5044
Erick_Kunde,Male,818-693-6748,Erick_Kunde@adventureworks.com,4382-1919-6273-8721
Alberto.Cruickshank,Male,1-798-692-6931 x61176,Alberto.Cruickshank@adventureworks.com,8502-3071-6472-5261
Willie74,Female,927-390-9348,Willie74@adventureworks.com,3667-3467-4967-3519
Felix_Kub,Male,1-606-972-3921 x487,Felix_Kub@adventureworks.com,8208-3313-3394-1333
Marta.Marks42,Female,506-576-1516 x782,Marta.Marks42@adventureworks.com,6593-8642-5083-7645
Wade.Rolfson81,Male,1-678-283-4026 x74109,Wade.Rolfson81@adventureworks.com,1347-3163-4289-9308
Howard39,Male,1-783-236-6532 x795,Howard39@adventureworks.com,9203-5235-1316-7886
Theodore.Marquardt,Male,457.605.6941 x6437,Theodore.Marquardt@adventureworks.com,8979-8411-9669-7639
Rodney.Bergnaum,Male,445.576.0372 x150,Rodney.Bergnaum@adventureworks.com,9435-2206-4101-2480
Mario69,Male,1-620-672-6247 x85324,Mario69@adventureworks.com,6359-3440-5749-5566
Vivian_Koelpin,Female,1-451-586-3609 x721,Vivian_Koelpin@adventureworks.com,8461-6068-3061-6372
Brad83,Male,576.789.7119,Brad83@adventureworks.com,7696-1139-9356-8828
Cody.Weber66,Male,479.753.5068 x392,Cody.Weber66@adventureworks.com,7536-8232-6778-2783
Kenny_Kovacek,Male,1-689-575-8095,Kenny_Kovacek@adventureworks.com,9154-3394-2263-1545
Betty35,Female,(830) 517-4676 x23633,Betty35@adventureworks.com,8428-5221-3886-3138
Hazel_Davis,Female,1-526-631-1488 x83941,Hazel_Davis@adventureworks.com,5697-8970-7464-5928
Johnathan_Kerluke49,Male,351.557.4742 x020,Johnathan_Kerluke49@adventureworks.com,1114-3286-9311-9743
Ramona_Klein25,Female,(268) 563-1004 x201,Ramona_Klein25@adventureworks.com,6212-7665-5276-3642
Marshall28,Male,650.307.5247 x3700,Marshall28@adventureworks.com,9226-4647-6605-8147
Mabel.Wilkinson3,Female,1-781-233-2105 x8499,Mabel.Wilkinson3@adventureworks.com,7713-6036-1878-3714
Myron_Mueller,Male,1-566-879-2874 x36096,Myron_Mueller@adventureworks.com,5478-1896-4675-4033
Catherine.Altenwerth89,Female,(642) 927-7908,Catherine.Altenwerth89@adventureworks.com,2211-2081-6009-8442
Alicia_Nicolas78,Female,1-705-288-1462,Alicia_Nicolas78@adventureworks.com,1041-6719-8299-3721
Constance44,Female,(602) 744-4499 x49898,Constance44@adventureworks.com,2336-9999-6856-9605
Rachel91,Female,211-559-8282 x66813,Rachel91@adventureworks.com,9122-7283-9174-5213
Carole_DuBuque,Female,(953) 274-7138 x17837,Carole_DuBuque@adventureworks.com,2352-5736-4701-1160
Brian_Stark95,Male,676.579.9491,Brian_Stark95@adventureworks.com,2228-9822-5190-4023
Timmy_Gutmann99,Male,(535) 630-5045 x63367,Timmy_Gutmann99@adventureworks.com,8260-8176-5368-4711
Lora70,Female,903-658-9554,Lora70@adventureworks.com,8800-9030-7242-7176
Ted30,Male,468.994.5453 x7858,Ted30@adventureworks.com,1142-9800-7503-7569
James71,Male,(713) 761-0616,James71@adventureworks.com,5226-7595-2781-4977
Kenny_Jast74,Male,959-836-0309 x894,Kenny_Jast74@adventureworks.com,5792-1820-7174-6450
Frank_Weissnat,Male,587-267-9168,Frank_Weissnat@adventureworks.com,4743-1061-2262-1636
Kurt_Bruen,Male,(547) 348-4730,Kurt_Bruen@adventureworks.com,6499-1336-5955-4777
14-Mar,Male,1-405-704-5607,14-Mar@adventureworks.com,6515-3117-3485-4771
Joseph.Schuppe22,Male,699.406.3827 x7671,Joseph.Schuppe22@adventureworks.com,9131-7302-8805-2130
Noel55,Male,588-563-8048 x037,Noel55@adventureworks.com,9839-5785-9148-9577
Dave_Conroy,Male,392.730.4491,Dave_Conroy@adventureworks.com,7249-6200-4946-1053
Salvador.Hessel,Male,(350) 542-9866 x559,Salvador.Hessel@adventureworks.com,8433-3998-2639-8425
Frank49,Male,797-857-7215 x7233,Frank49@adventureworks.com,5358-4003-8582-8966
Joanna_Kulas58,Female,679-560-5527 x170,Joanna_Kulas58@adventureworks.com,6052-8065-2353-6110
Fernando45,Male,608-400-2434 x330,Fernando45@adventureworks.com,2037-5588-4415-1939
Colleen.Schultz18,Female,585-497-7577,Colleen.Schultz18@adventureworks.com,8946-2787-3631-1475
Rosemary.Zboncak,Female,1-618-279-9538,Rosemary.Zboncak@adventureworks.com,5824-3379-3955-3040
Malcolm.Marvin,Male,(602) 924-8139,Malcolm.Marvin@adventureworks.com,2445-2224-1223-9124
Lynda.Veum47,Female,488-923-5863,Lynda.Veum47@adventureworks.com,6309-5499-1800-5170
Jackie_Larson,Male,995-366-5180,Jackie_Larson@adventureworks.com,5772-8982-3628-9202
Hattie_Corkery4,Female,488.463.8501 x99278,Hattie_Corkery4@adventureworks.com,4268-5510-3594-6227
Jean51,Male,(663) 514-7525 x2731,Jean51@adventureworks.com,5876-6270-7497-9641
Maria23,Female,1-727-409-2299,Maria23@adventureworks.com,4942-6353-2185-3683
Calvin.Hintz11,Male,543.241.8237,Calvin.Hintz11@adventureworks.com,5924-4366-2250-3461
Mack.Klein,Male,1-402-323-9240 x040,Mack.Klein@adventureworks.com,1519-2795-4208-6236
April.Hintz,Female,(589) 940-1439,April.Hintz@adventureworks.com,6855-1136-9554-7029
Faith10,Female,(736) 843-3954 x8760,Faith10@adventureworks.com,8372-6934-1745-2885
Charlene_Robel,Female,852.281.7573,Charlene_Robel@adventureworks.com,2054-2570-7069-1497
Roberta.Mueller70,Female,450.277.3257,Roberta.Mueller70@adventureworks.com,3657-2105-5807-5370
Charles_Breitenberg,Male,(912) 473-8800 x71295,Charles_Breitenberg@adventureworks.com,7537-2164-3582-6000
Jamie.Howell,Female,766.559.5587,Jamie.Howell@adventureworks.com,9455-9813-6582-8113
Perry.Nolan61,Male,519-806-0791,Perry.Nolan61@adventureworks.com,7010-7470-2210-4133
Ervin.Gutkowski46,Male,1-951-775-6524 x98613,Ervin.Gutkowski46@adventureworks.com,3782-3034-2409-9226
Gilbert.Tromp59,Male,570-553-7639,Gilbert.Tromp59@adventureworks.com,4652-1679-9662-7968
Angelina70,Female,981.740.9076 x937,Angelina70@adventureworks.com,4355-4799-6260-3638
Armando54,Male,659-333-4294 x484,Armando54@adventureworks.com,7731-2137-8563-8306
Emilio40,Male,(980) 645-1469 x31238,Emilio40@adventureworks.com,5220-3481-3308-3515
Mae.Romaguera67,Female,1-365-483-7471,Mae.Romaguera67@adventureworks.com,1083-5655-7811-5300
Ervin25,Male,747.327.2917 x589,Ervin25@adventureworks.com,6257-6152-3938-7217
Ella_OConner,Female,517-365-2992 x46441,Ella_OConner@adventureworks.com,5729-7597-1560-9075
Edna22,Female,(327) 211-7669 x5768,Edna22@adventureworks.com,2841-6638-3093-8995
Alvin_Volkman36,Male,1-725-911-2754 x42086,Alvin_Volkman36@adventureworks.com,2269-8392-5268-2747
Beatrice.Hettinger,Female,628.247.6242 x826,Beatrice.Hettinger@adventureworks.com,7099-6298-3332-3823
Terrell54,Male,1-278-304-0128 x67849,Terrell54@adventureworks.com,5053-7444-1487-2047
Ralph75,Male,298-762-0512,Ralph75@adventureworks.com,7707-9483-4101-5066
Karen53,Female,296-706-3345,Karen53@adventureworks.com,4502-9639-9192-4559
Roberta41,Female,428-265-7903,Roberta41@adventureworks.com,9726-7027-5288-3679
Omar_Bruen,Male,(736) 345-7161 x196,Omar_Bruen@adventureworks.com,2874-8927-6393-3921
Katie31,Female,(507) 362-6458,Katie31@adventureworks.com,8086-1476-3219-2484
Lynette_Shanahan,Female,1-533-882-3336 x6493,Lynette_Shanahan@adventureworks.com,4284-8185-7720-9105
Hilda14,Female,(951) 817-3774 x99022,Hilda14@adventureworks.com,4084-8415-1132-5663
Geoffrey_West,Male,(273) 988-3954,Geoffrey_West@adventureworks.com,2991-4020-5001-9642
Aaron_Heidenreich,Male,(967) 994-8922 x6299,Aaron_Heidenreich@adventureworks.com,7623-7069-9072-5379
Carla_Crooks35,Female,803-539-7215 x570,Carla_Crooks35@adventureworks.com,6384-4870-3768-4312
Bradley_Dicki,Male,457-781-8408 x1163,Bradley_Dicki@adventureworks.com,9153-4084-8958-8504
Carl.Schultz17,Male,(218) 273-8495 x198,Carl.Schultz17@adventureworks.com,8488-5934-3281-5710
Stacey_DAmore87,Female,228-852-5002 x566,Stacey_DAmore87@adventureworks.com,4112-8624-9286-5875
Rodolfo.Weissnat42,Male,924.998.2473 x5261,Rodolfo.Weissnat42@adventureworks.com,5654-3437-3918-3602
William_Swift81,Male,1-360-655-2965 x755,William_Swift81@adventureworks.com,7020-4306-6303-4120
Joey51,Male,(373) 512-8586 x737,Joey51@adventureworks.com,5523-2062-1886-7783
